date,line,station,code,min_delay,min_gap
2025-12-09,FW,Mount Dennis,MXPAA,40,38
2026-06-10,FW,Finch west,EXO,7,4
2026-07-09,EC,Cedarvale,EXBK,2,50
2025-12-29,EC,Eglinton,PXSW,7,11
2026-03-24,EC,Kennedy,SXGDS,16,12
2026-02-22,EC,Jane and Finch,SXUEG,11,13
2026-02-21,FW,Oakwood,SXGDS,28,42
2026-08-16,FW,Finch west,SXGDS,2,23
2026-04-26,FW,Science centre,EXBK,9,44
2026-03-24,FW,Keelesdale,EXBK,33,20
2026-08-17,FW,Finch west,SXGDS,20,21
2026-04-19,EC,Fairbank,MXPAA,8,21
2026-05-17,FW,Mount Dennis,SXGDS,17,8
2026-06-26,FW,Finch west,EXO,40,35
2026-04-12,FW,Cedarvale,MXPAA,2,48
2026-08-15,FW,Keelesdale,SXGDS,31,7
2026-06-11,EC,Eglinton,EXBK,20,39
2026-03-20,FW,Fairbank,EXBK,4,21
2026-04-18,EC,Oakwood,MXPAA,6,41
2026-07-07,FW,Eglinton,SXGDS,23,40
2026-05-27,FW,Humber college,EXBK,39,21
2026-02-17,FW,Finch west,EXBK,1,2
2026-07-05,EC,Finch west,EXBK,2,34
2026-08-15,FW,Caledonia,EXBK,5,14
2026-08-14,FW,Keelesdale,EXBK,16,10
2026-02-11,FW,Keelesdale,SXUEG,33,38
2026-03-04,FW,Science centre,EXBK,23,23
2026-08-18,FW,Fairbank,SXGDS,37,12
2025-12-22,FW,Keelesdale,MXPAA,9,48
2026-07-01,FW,Oakwood,EXO,8,8
2026-06-19,FW,Humber college,SXGDS,5,35
2026-03-15,FW,Eglinton,EXO,12,33
2026-06-09,FW,Mount Dennis,SXGDS,15,44
2026-07-08,EC,Jane and Finch,EXBK,27,13
2026-06-16,EC,Finch west,EXBK,23,35
2026-04-08,FW,Fairbank,SXGDS,32,25
2026-04-13,EC,Oakwood,SXGDS,20,38
2026-01-02,FW,Jane and Finch,MXPAA,18,25
2026-01-25,EC,Jane and Finch,MXPAA,20,38
2025-12-08,FW,Science centre,MXPAA,24,39
2026-06-23,EC,Keelesdale,SXGDS,14,43
2026-08-08,EC,Kennedy,MXPAA,25,26
2025-12-11,FW,Finch west,PXSW,40,34
2026-01-18,FW,Finch west,EXBK,15,11
2025-12-28,EC,Oakwood,EXO,9,35
2025-12-18,FW,Finch west,EXBK,15,48
2026-05-30,EC,Jane and Finch,SXGDS,12,2
2026-02-01,FW,Mount Dennis,PXSW,9,18
2026-02-12,FW,Oakwood,MXPAA,17,38
2026-01-06,EC,Fairbank,EXO,8,4
2025-12-13,EC,Cedarvale,SXGDS,4,43
2026-07-29,FW,Caledonia,EXBK,38,32
2026-03-07,FW,Fairbank,SXUEG,2,31
2026-04-18,EC,Science centre,SXGDS,8,50
2026-03-02,FW,Cedarvale,PXSW,34,24
2026-07-20,FW,Fairbank,SXGDS,7,22
2026-08-02,FW,Humber college,MXPAA,12,17
2026-03-28,EC,Eglinton,PXSW,27,40
2026-02-10,EC,Keelesdale,SXUEG,18,6
2026-01-21,EC,Humber college,SXUEG,6,27
2026-03-07,FW,Eglinton,EXO,7,44
2026-06-14,EC,Mount Dennis,SXGDS,12,20
2026-01-28,FW,Eglinton,SXGDS,35,36
2026-02-19,EC,Oakwood,EXO,13,16
2026-05-29,FW,Mount Dennis,EXBK,21,49
2025-12-19,FW,Jane and Finch,EXBK,5,11
2025-12-29,EC,Fairbank,SXUEG,28,42
2026-04-04,FW,Caledonia,SXUEG,40,11
2026-08-19,FW,Science centre,MXPAA,20,49
2026-07-02,EC,Keelesdale,PXSW,35,13
2026-02-06,FW,Fairbank,EXO,32,27
2026-07-05,FW,Cedarvale,EXBK,23,14
2026-07-27,EC,Eglinton,MXPAA,30,32
2026-05-26,FW,Caledonia,PXSW,17,43
2026-02-26,FW,Jane and Finch,SXUEG,14,34
2026-06-17,EC,Mount Dennis,PXSW,1,11
2026-08-12,FW,Caledonia,MXPAA,35,15
2026-03-18,EC,Humber college,PXSW,11,16
2026-01-20,EC,Caledonia,EXBK,32,17
2025-12-05,EC,Finch west,SXGDS,24,10
2026-07-29,EC,Science centre,SXGDS,29,1
2026-06-25,EC,Finch west,SXGDS,36,8
2026-08-23,FW,Caledonia,SXGDS,7,33
2026-08-07,FW,Fairbank,SXUEG,37,10
2026-04-29,EC,Finch west,EXO,12,4
2025-12-12,FW,Cedarvale,SXUEG,20,42
2026-03-20,EC,Jane and Finch,SXGDS,8,25
2026-08-01,EC,Fairbank,SXGDS,4,39
2025-12-17,FW,Finch west,EXO,20,12
2026-01-12,EC,Oakwood,PXSW,22,26
2026-04-08,EC,Finch west,SXGDS,15,45
2026-07-23,FW,Jane and Finch,EXBK,38,35
2026-04-23,EC,Cedarvale,SXUEG,12,12
2025-12-23,EC,Caledonia,PXSW,5,39
2025-12-29,EC,Kennedy,EXO,10,13
2025-12-12,FW,Kennedy,PXSW,16,14
2026-05-04,FW,Caledonia,EXO,40,30
2025-12-07,FW,Cedarvale,SXGDS,13,39
2026-03-23,FW,Kennedy,MXPAA,19,45
2026-03-20,EC,Mount Dennis,SXGDS,13,47
2026-07-05,FW,Eglinton,SXUEG,9,12
2026-02-02,EC,Fairbank,PXSW,1,1
2026-08-10,FW,Keelesdale,EXO,20,22
2026-01-30,EC,Oakwood,SXUEG,10,7
2026-03-02,FW,Humber college,PXSW,6,17
2026-06-18,EC,Caledonia,SXUEG,26,4
2026-07-02,EC,Caledonia,EXO,3,35
2025-12-18,FW,Science centre,PXSW,36,45
2026-06-13,FW,Caledonia,SXUEG,1,50
2026-05-30,EC,Keelesdale,PXSW,38,42
2026-03-07,EC,Mount Dennis,EXO,34,41
2026-07-17,EC,Jane and Finch,PXSW,5,2
2026-05-06,FW,Cedarvale,EXO,23,12
2025-12-03,FW,Keelesdale,EXBK,27,25
2026-05-28,EC,Science centre,EXO,12,26
2026-06-08,FW,Humber college,PXSW,24,6
2026-05-25,FW,Caledonia,SXGDS,15,20
2026-02-24,EC,Eglinton,EXBK,36,28
2026-02-18,EC,Caledonia,EXO,7,10
2025-12-08,FW,Mount Dennis,SXGDS,12,4
2026-06-24,FW,Jane and Finch,PXSW,26,37
2026-02-09,FW,Kennedy,MXPAA,22,23
2026-06-10,EC,Mount Dennis,PXSW,34,8
2026-08-06,EC,Keelesdale,MXPAA,31,43
2025-12-06,FW,Cedarvale,SXGDS,2,1
2026-07-15,EC,Keelesdale,SXUEG,38,49
2026-06-07,FW,Keelesdale,EXBK,38,12
2026-05-12,FW,Mount Dennis,EXO,15,27
2026-04-01,FW,Eglinton,SXGDS,1,32
2026-04-01,FW,Humber college,SXUEG,28,25
2026-03-18,EC,Fairbank,EXBK,15,34
2026-01-22,FW,Cedarvale,EXO,25,25
2026-03-10,FW,Science centre,MXPAA,26,4
2026-03-01,EC,Science centre,EXBK,15,42
2026-07-12,FW,Keelesdale,SXGDS,28,17
2025-12-24,EC,Keelesdale,SXUEG,7,19
2026-01-19,EC,Jane and Finch,SXGDS,27,26
2026-05-02,FW,Science centre,SXGDS,30,34
2026-06-06,EC,Caledonia,MXPAA,20,3
2026-03-05,EC,Science centre,PXSW,19,18
2026-08-16,EC,Mount Dennis,PXSW,7,2
2026-06-01,FW,Eglinton,SXUEG,7,38
2026-01-11,FW,Finch west,MXPAA,2,8
2026-03-29,EC,Kennedy,MXPAA,5,46
2025-12-11,FW,Caledonia,SXUEG,14,31
2026-04-16,FW,Oakwood,SXGDS,22,14
2026-05-10,EC,Finch west,MXPAA,24,15
2026-05-28,FW,Mount Dennis,SXGDS,5,44
2026-02-11,EC,Humber college,MXPAA,20,27
2026-04-11,EC,Fairbank,SXGDS,19,15
2025-12-09,FW,Caledonia,SXGDS,20,26
2026-08-22,FW,Kennedy,MXPAA,30,20
2026-05-17,EC,Cedarvale,PXSW,40,31
2026-08-15,EC,Keelesdale,MXPAA,29,46
2026-06-11,FW,Keelesdale,PXSW,16,4
2026-05-07,EC,Kennedy,SXUEG,8,35
2026-03-22,FW,Caledonia,SXUEG,24,21
2026-05-19,FW,Caledonia,EXO,36,45
2025-12-12,FW,Caledonia,EXO,10,41
2026-01-08,FW,Keelesdale,SXGDS,2,39
2025-12-25,FW,Keelesdale,SXUEG,19,30
2026-04-25,EC,Science centre,SXGDS,9,41
2026-05-09,EC,Science centre,SXUEG,9,6
2026-05-02,EC,Humber college,SXUEG,12,8
2026-03-28,FW,Eglinton,EXO,19,17
2026-02-16,EC,Humber college,MXPAA,26,31
2026-03-08,EC,Oakwood,EXBK,2,30
2026-03-17,EC,Oakwood,EXO,7,7
2026-05-27,FW,Humber college,EXO,36,16
2026-02-16,FW,Cedarvale,SXGDS,37,24
2026-05-15,EC,Mount Dennis,EXO,17,16
2026-07-19,EC,Keelesdale,EXBK,39,40
2026-02-17,EC,Kennedy,PXSW,29,14
2026-01-27,FW,Finch west,EXO,8,9
2026-02-16,EC,Oakwood,MXPAA,33,43
2026-02-07,FW,Humber college,SXUEG,4,44
2026-05-15,EC,Jane and Finch,MXPAA,9,1
2026-02-09,FW,Oakwood,EXO,24,12
2026-01-20,FW,Eglinton,SXUEG,4,50
2026-08-21,FW,Oakwood,EXO,25,10
2026-08-13,FW,Finch west,PXSW,32,18
2026-02-01,FW,Humber college,PXSW,6,32
2026-02-14,FW,Caledonia,SXUEG,13,1
2026-08-05,EC,Fairbank,MXPAA,1,36
2026-03-02,EC,Jane and Finch,EXO,12,49
2025-12-18,EC,Jane and Finch,EXBK,19,28
2026-04-23,EC,Fairbank,SXGDS,24,39
2026-01-24,FW,Mount Dennis,EXBK,8,3
2025-12-05,FW,Keelesdale,EXO,8,18
2026-02-21,EC,Fairbank,EXO,5,24
2026-01-31,FW,Finch west,SXGDS,7,45
2026-06-21,FW,Oakwood,PXSW,15,36
2026-02-06,EC,Mount Dennis,MXPAA,21,48
2026-01-26,EC,Science centre,SXGDS,7,16
2025-12-16,EC,Keelesdale,PXSW,22,22
2025-12-02,FW,Finch west,SXUEG,29,49
2026-08-19,EC,Caledonia,SXUEG,37,11
2026-06-29,FW,Eglinton,EXBK,29,22
2026-03-01,EC,Fairbank,SXUEG,26,34
2026-05-31,FW,Finch west,EXO,7,40
2026-01-18,EC,Cedarvale,EXO,6,47
2026-02-24,FW,Humber college,SXUEG,22,2
2026-02-03,FW,Finch west,MXPAA,5,50
2026-06-09,FW,Mount Dennis,EXBK,10,25
2026-03-01,FW,Fairbank,EXBK,33,25
2026-04-16,FW,Finch west,EXO,19,24
2026-01-01,FW,Kennedy,SXUEG,8,48
2026-02-18,EC,Cedarvale,MXPAA,18,19
2026-02-09,EC,Jane and Finch,EXO,31,11
2026-05-17,EC,Kennedy,SXUEG,38,36
2026-03-09,FW,Kennedy,MXPAA,40,27
2026-07-07,FW,Fairbank,EXBK,38,32
2026-05-13,FW,Jane and Finch,EXO,29,9
2026-06-09,FW,Keelesdale,EXO,22,28
2026-06-03,EC,Cedarvale,MXPAA,7,2
2026-01-07,EC,Oakwood,SXGDS,7,30
2026-02-21,EC,Oakwood,EXO,32,6
2025-12-17,FW,Kennedy,MXPAA,14,19
2026-07-13,EC,Jane and Finch,EXBK,9,39
2026-07-04,EC,Jane and Finch,PXSW,7,37
2026-03-12,EC,Keelesdale,EXBK,8,27
2026-04-18,FW,Cedarvale,PXSW,20,48
2026-08-28,FW,Eglinton,SXGDS,7,34
2026-01-06,FW,Oakwood,PXSW,26,12
2026-03-03,FW,Eglinton,EXO,8,9
2026-07-14,FW,Jane and Finch,SXGDS,13,49
2026-04-02,FW,Keelesdale,SXUEG,24,44
2026-06-25,FW,Oakwood,EXO,1,37
2026-07-01,EC,Caledonia,EXBK,9,48
2026-08-12,FW,Finch west,SXUEG,11,46
2026-06-06,FW,Finch west,EXBK,17,10
2025-12-23,EC,Mount Dennis,EXBK,13,5
2026-07-14,FW,Keelesdale,SXGDS,24,43
2026-08-25,FW,Kennedy,EXO,23,20
2025-12-18,FW,Oakwood,SXUEG,6,21
2026-07-01,EC,Mount Dennis,EXBK,29,36
2026-07-05,FW,Science centre,EXBK,29,50
2026-08-03,FW,Mount Dennis,EXO,17,39
2026-08-12,FW,Caledonia,EXBK,10,13
2026-07-24,FW,Mount Dennis,MXPAA,19,22
2026-02-09,EC,Finch west,SXUEG,25,43
2026-07-04,FW,Kennedy,PXSW,29,5
2026-07-07,FW,Cedarvale,PXSW,9,30
2026-08-31,EC,Keelesdale,EXO,23,37
2026-07-19,FW,Science centre,SXUEG,6,35
2026-07-11,EC,Finch west,MXPAA,38,2
2026-01-03,FW,Kennedy,SXUEG,2,33
2026-07-29,FW,Caledonia,SXGDS,21,30
2026-08-26,FW,Science centre,SXGDS,34,13
2025-12-05,FW,Eglinton,PXSW,17,45
2026-08-31,FW,Keelesdale,EXBK,4,35
2026-08-04,FW,Kennedy,EXO,9,16
2026-08-07,EC,Caledonia,EXO,18,24
2026-03-08,FW,Jane and Finch,SXUEG,30,3
2026-01-13,FW,Oakwood,EXO,35,4
2026-04-12,EC,Eglinton,PXSW,12,31
2026-03-31,FW,Oakwood,EXO,36,23
2026-07-06,FW,Kennedy,EXBK,21,9
2025-12-08,FW,Mount Dennis,SXGDS,17,6
2026-05-29,EC,Kennedy,SXGDS,38,29
2026-02-11,FW,Jane and Finch,EXBK,9,27
2026-03-29,FW,Oakwood,EXO,17,50
2026-07-09,EC,Finch west,MXPAA,30,12
2026-05-01,FW,Cedarvale,SXGDS,9,4
2026-07-02,EC,Finch west,EXBK,21,18
2026-08-18,EC,Fairbank,EXBK,27,50
2026-03-22,FW,Jane and Finch,SXGDS,11,34
2026-02-02,FW,Mount Dennis,SXGDS,4,16
2026-04-09,EC,Eglinton,EXO,4,22
2026-05-11,FW,Caledonia,PXSW,10,22
2026-06-07,FW,Jane and Finch,MXPAA,19,7
2026-05-11,EC,Eglinton,EXBK,25,20
2026-03-13,FW,Kennedy,PXSW,5,40
2026-04-18,EC,Kennedy,PXSW,16,50
2026-04-15,FW,Humber college,SXUEG,2,33
2026-03-04,EC,Eglinton,SXUEG,28,13
2026-06-28,EC,Keelesdale,SXGDS,28,50
2026-01-26,FW,Caledonia,PXSW,1,49
2026-08-19,EC,Humber college,SXUEG,38,40
2026-02-03,EC,Keelesdale,SXUEG,12,49
2025-12-05,EC,Kennedy,EXO,34,48
2026-08-28,EC,Fairbank,SXGDS,26,42
2026-04-24,EC,Keelesdale,PXSW,24,25
2025-12-08,EC,Cedarvale,SXGDS,27,47
2026-01-07,FW,Keelesdale,PXSW,33,38
2026-04-20,FW,Jane and Finch,EXO,6,43
2026-01-26,FW,Caledonia,EXBK,38,45
2026-03-11,EC,Caledonia,EXBK,17,25
2026-06-11,EC,Cedarvale,EXO,38,25
2026-01-17,EC,Kennedy,EXBK,7,22
2026-02-02,EC,Science centre,MXPAA,8,34
2026-06-19,EC,Caledonia,SXUEG,38,2
2026-04-04,EC,Mount Dennis,PXSW,30,3
2026-02-25,FW,Mount Dennis,EXO,26,47
2026-04-18,FW,Keelesdale,PXSW,5,4
2026-08-18,EC,Kennedy,EXBK,21,27
2025-12-27,EC,Jane and Finch,SXGDS,21,35
2026-02-24,EC,Humber college,EXO,20,34
2026-06-05,EC,Fairbank,MXPAA,35,34
2026-04-21,EC,Jane and Finch,PXSW,14,10
2026-03-04,EC,Cedarvale,EXBK,13,10
2026-01-12,EC,Fairbank,EXO,34,49
2026-07-13,EC,Fairbank,SXUEG,34,18
2026-04-07,EC,Fairbank,PXSW,6,41
2026-01-27,EC,Kennedy,SXGDS,33,5
2026-05-11,FW,Eglinton,SXGDS,7,9
2026-07-02,FW,Science centre,SXGDS,34,32
2026-01-30,FW,Mount Dennis,PXSW,14,5
2025-12-06,FW,Kennedy,SXUEG,15,30
2025-12-21,FW,Oakwood,SXGDS,35,44
2026-08-12,EC,Finch west,SXGDS,22,37
2026-08-22,EC,Fairbank,MXPAA,35,5
2026-08-17,EC,Cedarvale,SXUEG,37,34
2026-04-05,EC,Mount Dennis,SXUEG,23,22
2026-01-20,FW,Fairbank,EXO,16,33
2026-07-03,FW,Cedarvale,PXSW,36,25
2026-07-31,EC,Keelesdale,MXPAA,2,49
2026-06-06,FW,Cedarvale,SXUEG,19,35
2026-02-18,EC,Humber college,EXO,24,14
2025-12-30,EC,Finch west,EXO,39,10
2026-05-14,EC,Eglinton,SXGDS,29,6
2026-07-05,FW,Caledonia,SXUEG,14,31
2026-07-04,FW,Eglinton,SXUEG,10,29
2026-08-04,EC,Cedarvale,SXUEG,23,1
2026-02-12,EC,Mount Dennis,PXSW,33,14
2026-06-29,FW,Science centre,SXUEG,8,22
2026-04-09,FW,Finch west,EXBK,32,20
2026-07-22,EC,Humber college,EXO,4,39
2025-12-18,FW,Eglinton,EXBK,21,25
2026-04-27,EC,Jane and Finch,PXSW,5,4
2025-12-07,FW,Caledonia,PXSW,22,26
2026-01-28,FW,Cedarvale,SXUEG,34,23
2026-06-16,EC,Jane and Finch,EXBK,9,47
2026-08-06,EC,Mount Dennis,PXSW,7,3
2025-12-01,EC,Fairbank,EXBK,23,31
2026-07-09,EC,Mount Dennis,MXPAA,10,20
2026-08-30,EC,Kennedy,SXGDS,21,10
2026-04-28,FW,Mount Dennis,SXGDS,37,46
2025-12-25,FW,Jane and Finch,EXBK,24,36
2026-07-17,FW,Kennedy,EXO,3,22
2026-02-19,EC,Oakwood,EXO,19,22
2026-06-05,EC,Science centre,EXO,28,20
2026-04-26,FW,Science centre,EXBK,10,22
2026-03-12,EC,Keelesdale,PXSW,39,10
2026-05-17,EC,Keelesdale,MXPAA,30,40
2026-08-02,FW,Keelesdale,MXPAA,25,2
2025-12-12,EC,Kennedy,EXBK,33,35
2026-01-13,EC,Eglinton,SXUEG,26,37
2026-05-06,EC,Kennedy,SXUEG,22,48
2026-03-06,EC,Mount Dennis,PXSW,14,16
2026-02-15,FW,Oakwood,MXPAA,1,24
2026-03-01,FW,Kennedy,SXGDS,10,35
2026-02-23,EC,Humber college,SXUEG,24,18
2026-04-15,EC,Caledonia,EXO,22,14
2025-12-31,EC,Jane and Finch,PXSW,34,22
2026-06-12,FW,Caledonia,EXO,10,19
2026-03-30,EC,Humber college,MXPAA,33,23
2026-01-22,FW,Kennedy,PXSW,20,45
2026-05-08,EC,Jane and Finch,SXGDS,17,27
2026-08-09,EC,Caledonia,SXUEG,34,2
2026-03-31,FW,Keelesdale,PXSW,35,24
2026-04-17,FW,Mount Dennis,EXBK,37,4
2026-01-06,FW,Cedarvale,PXSW,31,47
2026-01-21,FW,Keelesdale,EXBK,6,35
2026-08-26,FW,Cedarvale,MXPAA,38,28
2026-08-30,FW,Jane and Finch,EXBK,20,37
2026-05-08,EC,Oakwood,PXSW,39,3
2026-07-07,FW,Science centre,EXO,9,7
2026-05-04,FW,Keelesdale,EXBK,14,19
2026-01-01,EC,Caledonia,SXUEG,18,19
2025-12-28,EC,Cedarvale,EXBK,14,20
2026-01-10,FW,Mount Dennis,EXBK,31,34
2026-04-28,FW,Mount Dennis,EXO,7,27
2026-08-01,EC,Caledonia,SXUEG,17,49
2026-06-02,FW,Mount Dennis,EXBK,12,18
2026-04-26,FW,Eglinton,MXPAA,38,18
2026-05-29,EC,Keelesdale,MXPAA,11,29
2026-01-08,EC,Oakwood,EXO,7,11
2026-04-27,EC,Finch west,SXGDS,5,22
2025-12-03,EC,Science centre,MXPAA,12,35
2026-05-26,EC,Fairbank,PXSW,31,31
2026-06-05,EC,Caledonia,PXSW,25,12
2026-08-09,EC,Humber college,PXSW,11,44
2026-05-15,FW,Oakwood,SXGDS,29,25
2026-07-26,EC,Fairbank,SXGDS,22,25
2026-02-01,FW,Jane and Finch,PXSW,25,48
2026-08-29,FW,Cedarvale,EXBK,40,40
2026-01-07,EC,Eglinton,SXUEG,23,41
2026-08-01,FW,Fairbank,EXO,26,42
2026-07-20,FW,Mount Dennis,EXO,17,23
2026-08-02,FW,Finch west,SXUEG,23,11
2026-03-05,EC,Eglinton,EXO,3,34
2026-06-01,EC,Caledonia,EXBK,33,1
2026-05-19,EC,Jane and Finch,EXO,34,50
2026-06-02,EC,Mount Dennis,MXPAA,31,19
2026-04-08,EC,Oakwood,MXPAA,30,10
2026-04-09,EC,Keelesdale,SXUEG,4,4
2026-02-24,EC,Cedarvale,PXSW,12,50
2026-05-15,FW,Fairbank,EXBK,6,11
2026-08-07,FW,Keelesdale,MXPAA,15,34
2026-03-27,EC,Jane and Finch,EXO,9,41
2026-05-02,FW,Finch west,SXGDS,6,11
2026-01-04,FW,Oakwood,PXSW,34,4
2026-06-21,FW,Oakwood,SXGDS,5,23
2026-08-01,FW,Eglinton,EXBK,19,29
2026-01-23,FW,Humber college,PXSW,1,36
2025-12-29,EC,Humber college,PXSW,22,21
2025-12-28,EC,Humber college,EXO,37,7
2026-08-21,FW,Mount Dennis,EXO,19,19
2026-08-06,EC,Science centre,MXPAA,5,39
2026-01-03,EC,Keelesdale,MXPAA,23,32
2026-06-02,FW,Oakwood,MXPAA,39,20
2026-07-21,FW,Humber college,EXO,18,5
2026-01-18,FW,Cedarvale,SXUEG,11,32
2026-06-15,FW,Mount Dennis,SXGDS,36,15
2026-03-25,EC,Oakwood,MXPAA,28,36
2026-04-24,EC,Jane and Finch,SXUEG,26,4
2026-07-06,EC,Finch west,PXSW,11,1
2026-07-18,FW,Keelesdale,SXUEG,13,36
2026-08-22,EC,Fairbank,PXSW,20,23
2026-07-29,FW,Kennedy,EXO,13,42
2026-03-16,EC,Keelesdale,EXO,21,22
2026-03-05,EC,Fairbank,EXBK,31,36
2026-05-17,EC,Finch west,PXSW,28,46
2026-04-30,EC,Eglinton,EXBK,26,22
2025-12-11,FW,Cedarvale,PXSW,15,17
2025-12-27,FW,Humber college,MXPAA,28,19
2026-03-10,EC,Jane and Finch,SXGDS,34,9
2026-04-14,EC,Oakwood,SXGDS,9,15
2026-05-20,EC,Science centre,SXGDS,1,7
2026-07-23,EC,Eglinton,MXPAA,39,4
2025-12-15,EC,Humber college,SXGDS,7,35
2026-04-08,FW,Cedarvale,EXO,8,47
2026-01-11,EC,Science centre,PXSW,27,24
2026-02-28,EC,Keelesdale,MXPAA,37,22
2026-03-31,EC,Jane and Finch,SXGDS,29,23
2026-07-08,FW,Humber college,PXSW,34,40
2026-04-22,EC,Fairbank,EXO,39,33
2026-04-05,EC,Caledonia,EXBK,24,9
2026-05-13,EC,Jane and Finch,SXUEG,1,27
2026-07-26,EC,Cedarvale,MXPAA,4,6
2026-07-29,EC,Caledonia,SXGDS,27,49
2026-08-15,EC,Fairbank,EXO,30,6
2026-03-21,EC,Caledonia,SXUEG,23,46
2026-03-11,FW,Fairbank,MXPAA,9,30
2026-02-05,FW,Cedarvale,SXUEG,11,50
2026-04-19,EC,Cedarvale,MXPAA,40,6
2026-03-12,FW,Fairbank,EXO,32,23
2026-05-14,FW,Caledonia,EXBK,2,9
2026-07-15,FW,Fairbank,EXBK,26,43
2025-12-09,FW,Science centre,PXSW,21,41
2026-07-05,FW,Mount Dennis,EXBK,16,6
2026-02-03,FW,Eglinton,PXSW,7,29
2025-12-14,FW,Cedarvale,EXBK,37,27
2026-04-09,EC,Keelesdale,SXUEG,19,41
2026-06-15,FW,Caledonia,SXUEG,26,20
2026-07-17,EC,Keelesdale,PXSW,36,49
2026-08-07,FW,Jane and Finch,EXBK,19,37
2026-04-26,EC,Fairbank,EXO,30,19
2026-01-07,EC,Humber college,MXPAA,15,41
2026-02-15,EC,Mount Dennis,EXO,1,3
2026-07-16,FW,Caledonia,EXBK,25,17
2026-03-26,EC,Caledonia,EXO,33,33
2026-07-29,FW,Oakwood,SXGDS,11,6
2026-06-16,EC,Kennedy,PXSW,24,19
2026-07-25,FW,Cedarvale,PXSW,24,7
2026-08-04,EC,Science centre,EXBK,38,27
2026-04-13,EC,Caledonia,PXSW,20,45
2026-08-30,FW,Humber college,MXPAA,23,20
2026-05-08,EC,Kennedy,SXGDS,30,4
2026-07-11,FW,Finch west,MXPAA,29,15
2026-08-22,FW,Keelesdale,SXGDS,9,31
2026-07-10,FW,Finch west,MXPAA,13,1
2026-01-22,EC,Humber college,SXUEG,15,26
2026-06-26,FW,Science centre,PXSW,31,7
2026-06-03,FW,Kennedy,SXUEG,28,8
2026-07-12,FW,Finch west,PXSW,10,43
2025-12-01,EC,Kennedy,MXPAA,31,21
2026-02-08,FW,Jane and Finch,PXSW,37,47
2026-07-18,FW,Kennedy,MXPAA,2,15
2026-01-30,EC,Keelesdale,MXPAA,14,49
2026-08-09,EC,Caledonia,PXSW,21,50
2026-06-09,EC,Keelesdale,EXO,14,17
2026-06-16,EC,Fairbank,MXPAA,32,47
2025-12-27,EC,Jane and Finch,PXSW,28,17
2026-05-19,EC,Fairbank,SXGDS,26,23
2026-04-30,FW,Finch west,SXGDS,24,19
2026-03-20,FW,Science centre,MXPAA,37,6
2026-04-09,FW,Eglinton,PXSW,26,12
2026-03-20,EC,Caledonia,PXSW,8,38
2025-12-09,FW,Kennedy,MXPAA,18,5
2026-06-30,EC,Fairbank,SXGDS,19,27
2026-06-30,EC,Mount Dennis,EXO,10,7
2026-04-07,FW,Humber college,MXPAA,40,45
2025-12-22,FW,Kennedy,SXUEG,22,16
2026-03-04,EC,Jane and Finch,EXO,9,24
2026-05-10,EC,Fairbank,SXUEG,9,20
2026-07-23,EC,Science centre,SXGDS,31,49
2026-05-12,EC,Cedarvale,SXGDS,20,26
2026-02-13,EC,Mount Dennis,SXUEG,14,31
